{"cameraMode":{"drawMode":0,"name":"Shaded","section":"Shading Mode"},"sceneLighting":false,"audioPlay":false,"sceneViewState":{"m_AlwaysRefresh":false,"showFog":true,"showSkybox":true,"showFlares":true,"showImageEffects":true,"showParticleSystems":true,"showVisualEffectGraphs":true,"m_FxEnabled":true},"in2DMode":false,"pivot":{"x":0.02274516224861145,"y":0.39570552110671999,"z":0.0651247650384903},"rotation":{"x":0.1769954115152359,"y":0.5092438459396362,"z":-0.10790788382291794,"w":0.8352847099304199},"size":1.0875449180603028,"orthographic":false}