{"cameraMode":{"drawMode":0,"name":"Shaded","section":"Shading Mode"},"sceneLighting":false,"audioPlay":false,"sceneViewState":{"m_AlwaysRefresh":false,"showFog":true,"showSkybox":true,"showFlares":true,"showImageEffects":true,"showParticleSystems":true,"showVisualEffectGraphs":true,"m_FxEnabled":true},"in2DMode":false,"pivot":{"x":-0.2618623673915863,"y":1.3851702213287354,"z":-0.4229605197906494},"rotation":{"x":-0.011601689271628857,"y":0.9846935868263245,"z":-0.15821199119091035,"w":-0.07220766693353653},"size":5.05705451965332,"orthographic":false}